gender,user_id,item_id,rating,age
F,259.3546667928257,343.28096371136144,1.1709514829100138,10.78914571756973
M,268.9512285147473,326.0926183437941,1.109555778689067,11.810509904218621
