gender,user_id,item_id,rating,age
F,474.9857808857809,444.9564491064491,3.5315073815073816,32.31472416472416
M,458.15164287638027,418.79657958524103,3.5292889846485322,33.19692970643684
