,mean,median,std_dev,skewness,kurtosis
0,462.48475,447.0,266.61442012750865,0.0825332908234024,-1.097366652479178
1,425.53013,322.0,330.7983563255848,0.9863565002260277,0.42253410902538313
2,3.52986,4.0,1.125673599144316,-0.510143949217015,-0.4127391723827025
3,32.96985,30.0,11.562623314805304,0.7331066983316664,-0.16841519666657367
