,count,mean,std,min,25%,50%,75%,max
user_id,100000.0,462.48475,266.61442012750865,1.0,254.0,447.0,682.0,943.0
item_id,100000.0,425.53013,330.7983563255848,1.0,175.0,322.0,631.0,1682.0
rating,100000.0,3.52986,1.125673599144316,1.0,3.0,4.0,4.0,5.0
age,100000.0,32.96985,11.562623314805304,7.0,24.0,30.0,40.0,73.0
